figure,domain,section,indicator_id,indicator,unit,definition,orig_source,orig_year,planned_modern_source,agent,preliminary_status,notes
1,Spending,General,f1_pop,Overall population (in millions),millions,"Total population, de facto, midyear estimate",World Bank WDI SP.POP.TOTL,2016,World Bank WDI SP.POP.TOTL (latest year),worldbank_who,DIRECTLY UPDATED,
1,Spending,General,f1_pop65,"Population ≥65 y, %",% of population,Population aged 65 and over as share of total population,"OECD.stat (Elderly population); JP, NL, CH from Commonwealth Fund",2014 or closest,"OECD Data Explorer, Population (elderly population, % of total)",oecd,DIRECTLY UPDATED,2018 used Commonwealth Fund profiles for JP/NL/CH; modern update uses OECD for all 11 (same concept).
1,Spending,General,f1_gdp,"GDP per capita, US $ (in thousands)","US$ thousands, current prices, current PPPs","GDP per head, current prices and current PPPs (SNA 2008)",OECD.stat Productivity database (PDB_LV),2016 or closest,"OECD Data Explorer, GDP per capita, USD current prices & PPPs",oecd,DIRECTLY UPDATED,
1,Spending,General,f1_land,Land area (× 1000 sq km),1000 km²,"Surface area, incl. inland water bodies and some coastal waterways",World Bank WDI AG.SRF.TOTL.K2,2015,World Bank WDI AG.SRF.TOTL.K2,worldbank_who,DIRECTLY UPDATED,Label says 'land area' but 2018 source is WDI surface area; kept the same WDI series.
1,Spending,General,f1_pov,"Poverty rate, % below poverty line of 60%",% of population,"Poverty rate after taxes and transfers, 60% of median equivalised disposable income",OECD Income Distribution Database (IDD),2015,"OECD Data Explorer, Income Distribution Database (poverty rate, 60% line, after taxes and transfers)",oecd,DIRECTLY UPDATED,IDD moved to the 2012 income definition; flag series breaks.
1,Spending,Health spending,f1_the,"Total spending on health, % of total national GDP",% of GDP,"Total health expenditure (public + private), % of GDP",WHO Global Health Expenditure Database via World Bank SH.XPD.TOTL.ZS,2016,"WHO GHED via World Bank SH.XPD.CHEX.GD.ZS (current health expenditure, % GDP)",worldbank_who,CLOSE MODERN EQUIVALENT,"SH.XPD.TOTL.ZS (total incl. capital) was discontinued when GHED moved to SHA 2011; successor is current health expenditure, which excludes capital formation."
1,Spending,Health spending,f1_pub,"Public spending on health, % of total national GDP",% of GDP,"Public (government + social/compulsory insurance) health expenditure, % of GDP",World Bank SH.XPD.PUBL (WHO GHED),2016,"WHO GHED via World Bank SH.XPD.GHED.GD.ZS (domestic general government health expenditure, % GDP)",worldbank_who,CLOSE MODERN EQUIVALENT,"SH.XPD.PUBL discontinued. GHED-D includes social health insurance; compulsory private insurance (CHE, NLD) treatment must be checked by validation."
1,Spending,Health spending,f1_pc,"Mean spending on health per capita, US $","US$ per capita, current (nominal) exchange rates","Health expenditure per capita, current US$",World Bank SH.XPD.PCAP (WHO GHED),2016,"WHO GHED via World Bank SH.XPD.CHEX.PC.CD (current health expenditure per capita, current US$)",worldbank_who,CLOSE MODERN EQUIVALENT,"Nominal US$ (not PPP), as in 2018. Successor series is current health expenditure (excludes capital)."
1,Spending,Health expenditure by function of care as a % of total national health expenditure,f1_inp,Inpatient care,% of current health expenditure,Inpatient curative & rehabilitative care (HC.1.1+HC.2.1),OECD/Eurostat/WHO SHA joint questionnaire,2015 or closest,"OECD Data Explorer, Health expenditure and financing (SHA), by function",oecd,CLOSE MODERN EQUIVALENT,"2018 added ~2 pp of US multi-day observation stays to US inpatient (17%->19%, an author estimate). That adjustment is not reproducible from a public series; modern value is the unadjusted SHA share."
1,Spending,Health expenditure by function of care as a % of total national health expenditure,f1_outp,Outpatient care,% of current health expenditure,Outpatient curative & rehabilitative care plus day care (HC.1.2+HC.1.3+HC.2.2+HC.2.3) for non-US countries,OECD SHA,2015 or closest,OECD SHA by function,oecd,CLOSE MODERN EQUIVALENT,"Figure shows US 42 (eTable 1 says 44). Day care added to outpatient for comparability, as in 2018."
1,Spending,Health expenditure by function of care as a % of total national health expenditure,f1_ltc,Long-term care,% of current health expenditure,"Long-term care (health), HC.3",OECD SHA,2015 or closest,OECD SHA by function,oecd,DIRECTLY UPDATED,
1,Spending,Health expenditure by function of care as a % of total national health expenditure,f1_goods,Medical goods,% of current health expenditure,"Medical goods (non-specified by function), HC.5",OECD SHA,2015 or closest,OECD SHA by function,oecd,DIRECTLY UPDATED,
1,Spending,Health expenditure by function of care as a % of total national health expenditure,f1_admin,Governance and administration,% of current health expenditure,"Governance and health system & financing administration, HC.7",OECD SHA,2015 or closest,OECD SHA by function,oecd,DIRECTLY UPDATED,
1,Spending,Health expenditure by function of care as a % of total national health expenditure,f1_home,Home-based care,% of current health expenditure,Home-based curative & rehabilitative care (HC.1.4+HC.2.4),OECD SHA,2015 or closest,OECD SHA by function,oecd,DIRECTLY UPDATED,
1,Spending,Health expenditure by function of care as a % of total national health expenditure,f1_prev,Preventive care,% of current health expenditure,"Preventive care, HC.6",OECD SHA,2015 or closest,OECD SHA by function,oecd,DIRECTLY UPDATED,COVID-19 testing/vaccination is recorded in HC.6; 2020-2022 values are inflated. Validation must check the year used.
1,Spending,Health expenditure by function of care as a % of total national health expenditure,f1_other,Other,% of current health expenditure,Ancillary services (HC.4) and other/unknown functions,OECD SHA,2015 or closest,OECD SHA by function,oecd,DIRECTLY UPDATED,2018 defines 'Other' as HC.4 ancillary; any residual (HC.9) handling to be documented.
1,Spending,,f1_cov,"Population with health care coverage, %",% of population,Total public and primary private health insurance coverage,OECD Health Statistics (social protection); US: CBO,2017,"OECD Data Explorer, Social protection (total health care coverage); US: CBO baseline (country-specific, as in 2018)",country,DIRECTLY UPDATED,
4,Population Health,Determinants of health,f4_smoke,"Smoking, % of population aged ≥15 y who smoke daily",% of population aged 15+,Daily smokers aged 15+,OECD Health at a Glance 2017,2015 or closest,"OECD Data Explorer, Non-medical determinants of health (tobacco)",oecd,DIRECTLY UPDATED,
4,Population Health,Determinants of health,f4_alc,"Alcohol consumption, L per capita in population aged ≥15 y",litres pure alcohol per capita 15+,"Recorded alcohol consumption (sales), litres per capita 15+",OECD Health at a Glance 2017,2015 or closest,"OECD Data Explorer, Non-medical determinants of health (alcohol)",oecd,DIRECTLY UPDATED,
4,Population Health,Determinants of health,f4_obese,"Obese or overweight, % of population aged ≥15 y",% of population aged 15+,"Overweight or obese (BMI≥25), measured where available, self-reported otherwise",OECD Health at a Glance 2017,2015 or closest,"OECD Data Explorer, Non-medical determinants of health (overweight or obese; measured preferred, self-reported flagged)",oecd,DIRECTLY UPDATED,"Footnote a: SE, NLD, CHE, DK self-reported in 2018. Measured and self-reported are kept as in 2018 and flagged per country."
4,Population Health,Life expectancy,f4_le,"Life expectancy in total population at birth, mean, y",years,"Life expectancy at birth, total population",OECD Health Statistics 2017,2015,"OECD Data Explorer, Health status (life expectancy)",oecd,DIRECTLY UPDATED,
4,Population Health,Life expectancy,f4_hale,"Health-adjusted life expectancy, mean, y",years,Healthy life expectancy (HALE) at birth,Listed as OECD 2017; values match WHO GHO HALE 2015,2015,"WHO Global Health Observatory, HALE at birth (WHOSIS_000002)",worldbank_who,CLOSE MODERN EQUIVALENT,"WHO HALE is re-estimated each GHE round; the whole time series is revised, so 2015 vs modern values are not a like-for-like trend."
4,Population Health,Life expectancy,f4_le40f,"Life expectancy for women aged ≥40 y, mean, y",years,"Remaining life expectancy at age 40, females",OECD Health Statistics 2017,2015,"OECD Data Explorer, Health status (life expectancy at 40, females)",oecd,DIRECTLY UPDATED,
4,Population Health,Life expectancy,f4_le40m,"Life expectancy for men aged ≥40 y, mean, y",years,"Remaining life expectancy at age 40, males",OECD Health Statistics 2017,2015,"OECD Data Explorer, Health status (life expectancy at 40, males)",oecd,DIRECTLY UPDATED,
4,Population Health,Maternal and infant health,f4_mmr,"Maternal mortality, deaths per 100 000 live births",per 100 000 live births,"Maternal deaths, all causes",OECD 2015; Canada: Global Burden of Disease,2015,"OECD Data Explorer, Health status (maternal mortality)",oecd,DIRECTLY UPDATED,"US NCHS changed maternal-death coding (pregnancy checkbox, 2018+), which raises US rates vs 2015. Flag."
4,Population Health,Maternal and infant health,f4_imr,"Infant mortality, deaths per 1000 live births",per 1000 live births,Deaths under age 1,OECD 2015; Canada: Conference Board,2015,"OECD Data Explorer, Health status (infant mortality)",oecd,DIRECTLY UPDATED,
4,Population Health,Maternal and infant health,f4_nmr,"Neonatal mortality, deaths per 1000 live births",per 1000 live births,Deaths under 28 days,OECD 2015; Canada: World Data Atlas,2015,"OECD Data Explorer, Health status (neonatal mortality)",oecd,DIRECTLY UPDATED,
4,Population Health,Maternal and infant health,f4_nmr1000,"Neonatal mortality, deaths per 1000 live births excluding <1000 g",per 1000 live births,Neonatal mortality excluding births <1000 g,"Joseph et al, BMJ 2012 (one-off study; US 2004 data)",2004-2008,No recurring source identified (one-off BMJ study). Country-source agent to check Euro-Peristat / national vital statistics.,country,UNAVAILABLE,
4,Population Health,Maternal and infant health,f4_lbw,"Low birth weight, % of total live births",% of live births,Live births <2500 g,OECD 2015,2015,"OECD Data Explorer, Health status (low birth weight)",oecd,DIRECTLY UPDATED,
5,Workforce and Structural Capacity,Practicing workforce,f5_phys,Overall physicians per 1000 population,per 1000 population,"Practising physicians (total licensed & practising, excl. students/interns)","KFF, GMC, CMA, Eurostat, national sources (eTable 10)",2013-2017,"OECD Data Explorer, Health care resources (practising physicians per 1000)",oecd,CLOSE MODERN EQUIVALENT,2018 built counts from national registers (eTable 10). OECD practising physicians is the standard harmonised series; US/UK values differ (US 2.6 vs OECD 2.6).
5,Workforce and Structural Capacity,Practicing workforce,f5_pcp,"Primary care physicians, % of total",% of physicians,"Practising generalists + family medicine, paediatrics, geriatrics, internal medicine (functional PCP definition)",National registers (eTable 10),2013-2017,Country-specific registers replicating eTable 10 definition; cross-check with OECD physicians by category,country,CLOSE MODERN EQUIVALENT,
5,Workforce and Structural Capacity,Practicing workforce,f5_spec,"Specialists, % of total",% of physicians,Practising physicians not in PCP definition,National registers (eTable 10),2013-2017,Complement of PCP share (same country-specific sources),country,CLOSE MODERN EQUIVALENT,
5,Workforce and Structural Capacity,Practicing workforce,f5_nurse,Nurses per 1000 population,per 1000 population,Practising nurses,OECD / national (eTable 10),2013-2017,"OECD Data Explorer, Health care resources (practising nurses)",oecd,DIRECTLY UPDATED,
5,Workforce and Structural Capacity,"Workforce remuneration, US $",f5_rem_gp,Generalist physicians,US$ PPP per year (2017 dollars),Annual remuneration of generalist physicians,"Mixed national sources (eTable 11), PPP, inflated to 2017 with US CPI",2011-2017,"OECD Data Explorer, Remuneration of health professionals (GPs, USD PPP); inflate to a single reference year with US CPI-U as in 2018",oecd,CLOSE MODERN EQUIVALENT,Footnote a: Japan value is generalists+specialists combined. 2018 used heterogeneous national sources; OECD series mixes salaried and self-employed. Japan excluded from remuneration means in 2018 except nursing.
5,Workforce and Structural Capacity,"Workforce remuneration, US $",f5_rem_sp,Specialist physicians,US$ PPP per year (2017 dollars),Annual remuneration of specialist physicians,Mixed national sources (eTable 11),2011-2017,"OECD remuneration of specialists (USD PPP), CPI-adjusted",oecd,CLOSE MODERN EQUIVALENT,Japan shown as 'Japan^a' with no value in 2018 (combined figure reported under generalists).
5,Workforce and Structural Capacity,"Workforce remuneration, US $",f5_rem_nurse,Nurses,US$ PPP per year (2017 dollars),Annual remuneration of (hospital) nurses,Mixed national sources (eTable 11),2011-2017,"OECD remuneration of hospital nurses (USD PPP), CPI-adjusted",oecd,CLOSE MODERN EQUIVALENT,
5,Workforce and Structural Capacity,"Workforce remuneration, US $",f5_wage,"Non-health-specific annual wage, mean",US$ PPP per year,"Average annual wage, all employees (footnote b: 2016 constant prices, 2016 USD PPP)",OECD.stat average annual wages,2016,"OECD Data Explorer, Average annual wages (USD PPP)",oecd,DIRECTLY UPDATED,Must use the same price base as the remuneration rows when computing ratios.
5,Workforce and Structural Capacity,"Workforce remuneration, US $",f5_ratio_gp,Ratio of generalist remuneration to mean wage,ratio,Generalist remuneration / average wage,Computed,—,OECD remuneration ratio to average wage (published) or computed from same-year values,oecd,CLOSE MODERN EQUIVALENT,
5,Workforce and Structural Capacity,"Workforce remuneration, US $",f5_ratio_sp,Ratio of specialists remuneration to mean wage,ratio,Specialist remuneration / average wage,Computed,—,OECD remuneration ratio to average wage,oecd,CLOSE MODERN EQUIVALENT,
5,Workforce and Structural Capacity,"Workforce remuneration, US $",f5_ratio_nurse,Ratio of nurse remuneration to mean wage,ratio,Nurse remuneration / average wage,Computed,—,OECD remuneration ratio to average wage,oecd,CLOSE MODERN EQUIVALENT,
5,Workforce and Structural Capacity,Equipment per 1 million population,f5_mri,Magnetic resonance imaging units,per 1 000 000 population,"MRI units, total (hospital + ambulatory)",OECD; Canada: CMWF,2014 or closest,"OECD Data Explorer, Health care resources (MRI units)",oecd,DIRECTLY UPDATED,
5,Workforce and Structural Capacity,Equipment per 1 million population,f5_ct,Computed tomography units,per 1 000 000 population,"CT scanners, total",OECD; Canada 2007,2015 or closest,"OECD Data Explorer, Health care resources (CT scanners)",oecd,DIRECTLY UPDATED,
5,Workforce and Structural Capacity,Equipment per 1 million population,f5_mammo,Mammography machine units,per 1 000 000 population,"Mammography machines, total",OECD; UK: journal article,2015 or closest,"OECD Data Explorer, Health care resources (mammographs)",oecd,DIRECTLY UPDATED,2018 per-1M rate appears to be per 1M total population (OECD reports mammographs per 1M; some editions per 1M women 50-69). Validation to confirm denominator.
5,Workforce and Structural Capacity,Beds,f5_beds,Hospital beds per 1000 population,per 1000 population,Total hospital beds,OECD,2014 or closest,"OECD Data Explorer, Health care resources (hospital beds)",oecd,DIRECTLY UPDATED,
5,Workforce and Structural Capacity,Beds,f5_ltcbeds,Long-term beds per 1000 population aged ≥65 y,per 1000 population aged 65+,Long-term care beds in institutions and hospitals,OECD,2015 or closest,"OECD Data Explorer, Long-term care resources (beds in institutions and hospitals per 1000 65+)",oecd,DIRECTLY UPDATED,
7,Utilization,Discharges per 100 000 population,f7_dis_ami,Acute myocardial infarction,per 100 000 population,"Inpatient discharges, AMI (ICD-10 I21-I22)",OECD; US 2010,2016 or closest,"OECD Data Explorer, Hospital discharges by diagnostic category",oecd,DIRECTLY UPDATED,
7,Utilization,Discharges per 100 000 population,f7_dis_mental,Mental and behavioral,per 100 000 population,"Inpatient discharges, mental & behavioural disorders (F00-F99)",OECD,2016 or closest,OECD hospital discharges by diagnostic category,oecd,DIRECTLY UPDATED,
7,Utilization,Discharges per 100 000 population,f7_dis_pneu,Pneumonia,per 100 000 population,"Inpatient discharges, pneumonia",OECD,2016 or closest,OECD hospital discharges by diagnostic category,oecd,DIRECTLY UPDATED,2020-2022 pneumonia discharges distorted by COVID-19 coding; validation to check.
7,Utilization,Discharges per 100 000 population,f7_dis_copd,Chronic obstructive pulmonary disease,per 100 000 population,"Inpatient discharges, COPD",OECD,2016 or closest,OECD hospital discharges by diagnostic category,oecd,DIRECTLY UPDATED,
7,Utilization,Examinations per 1000 population,f7_mri_ex,Magnetic resonance imaging,per 1000 population,"MRI exams, total",OECD,2015 or closest,"OECD Data Explorer, Health care utilisation (diagnostic exams)",oecd,DIRECTLY UPDATED,
7,Utilization,Examinations per 1000 population,f7_ct_ex,Computed tomography,per 1000 population,"CT exams, total",OECD,2015 or closest,OECD health care utilisation (diagnostic exams),oecd,DIRECTLY UPDATED,
7,Utilization,Surgical procedures,f7_hip,Total hip replacement per 100 000 population,per 100 000 population,Hip replacement (inpatient + day case),OECD,2013 or closest,"OECD Data Explorer, Surgical procedures",oecd,DIRECTLY UPDATED,
7,Utilization,Surgical procedures,f7_knee,Total knee replacement per 100 000 population,per 100 000 population,Knee replacement,OECD,2013 or closest,OECD surgical procedures,oecd,DIRECTLY UPDATED,
7,Utilization,Surgical procedures,f7_hyst,Hysterectomy per 100 000 women,per 100 000 females,Hysterectomy,OECD,2013 or closest,OECD surgical procedures,oecd,DIRECTLY UPDATED,
7,Utilization,Surgical procedures,f7_csec,Cesarean delivery per 100 live births,per 100 live births,Caesarean sections,OECD Health at a Glance 2015,2013 or closest,"OECD Data Explorer, Health care utilisation (caesarean sections)",oecd,DIRECTLY UPDATED,
7,Utilization,Surgical procedures,f7_cat,Cataract surgery per 100 000 population,per 100 000 population,Cataract surgery (inpatient + day case),OECD.stat,2013 or closest,OECD surgical procedures,oecd,DIRECTLY UPDATED,
7,Utilization,Cardiovascular procedures per 100 000 population,f7_cabg,Coronary artery bypass graft surgery,per 100 000 population,CABG,OECD Health at a Glance 2015,2015 or closest,OECD surgical procedures (CABG),oecd,DIRECTLY UPDATED,
7,Utilization,Cardiovascular procedures per 100 000 population,f7_ptca,Coronary angioplasty,per 100 000 population,"Transluminal coronary angioplasty (PTCA), incl. outpatient for US",OECD; US from HCUP (incl. outpatient),2015 or closest,"OECD surgical procedures (PTCA); US from AHRQ HCUP incl. outpatient, as in 2018",oecd,DIRECTLY UPDATED,
7,Utilization,"Length of stay per capita, mean, d",f7_los_del,Normal delivery,days,"ALOS, normal (single spontaneous) delivery",OECD Health at a Glance 2015,2013 or closest,"OECD Data Explorer, Health care utilisation (ALOS by diagnostic category)",oecd,DIRECTLY UPDATED,
7,Utilization,"Length of stay per capita, mean, d",f7_los_ami,Acute myocardial infarction,days,"ALOS, AMI",OECD Health at a Glance 2015,2013 or closest,OECD ALOS by diagnostic category,oecd,DIRECTLY UPDATED,
9,Pharmaceuticals,,f9_total,"Total spending per capita, US $",US$ per capita,"Total pharmaceutical spending incl. hospital, retail and OTC",IMS Health (2016) or IFPMA (2014),2014-2016,IQVIA (proprietary) / IFPMA Facts & Figures; pharma agent to determine public equivalent,pharma,UNAVAILABLE,
9,Pharmaceuticals,,f9_retail,"Retail pharmaceutical spending per capita, US $",US$ PPP per capita,"Retail pharmaceutical expenditure (HC.5.1), incl. OTC & margins, excl. hospital",OECD.stat,2015 or closest,"OECD Data Explorer, SHA HC.5.1 per capita, USD PPP",oecd,DIRECTLY UPDATED,Figure values differ from Supplement 2 eTable 5 (e.g. UK 383 vs 485); figure values recorded.
9,Pharmaceuticals,"Prices, US $ per mo",f9_crestor,Crestor (cholesterol),US$ per month,"Monthly manufacturer price, 30-day supply",Bloomberg 2015 drug-price graphic (SSR Health / IHS),2015,Bloomberg series discontinued; pharma agent to search,pharma,UNAVAILABLE,Footnote a: US discounted prices shown (list $216.00).
9,Pharmaceuticals,"Prices, US $ per mo",f9_lantus,Lantus (diabetes),US$ per month,Monthly price,Bloomberg 2015,2015,Bloomberg series discontinued,pharma,UNAVAILABLE,Figure shows Germany 54 (eTable 5 says 61).
9,Pharmaceuticals,"Prices, US $ per mo",f9_advair,Advair (asthma),US$ per month,Monthly price,Bloomberg 2015,2015,Bloomberg series discontinued,pharma,UNAVAILABLE,
9,Pharmaceuticals,"Prices, US $ per mo",f9_humira,Humira (rheumatoid arthritis),US$ per month,Monthly price,Bloomberg 2015,2015,Bloomberg series discontinued,pharma,UNAVAILABLE,
9,Pharmaceuticals,,f9_nce,"New chemical entities, No.",count,New chemical entities by country of origin,"Daemmrich 2009, HBS working paper",1982-2003 (cumulative),Pharma agent: current equivalent (e.g. EFPIA/IFPMA NCE by nationality of parent company),pharma,UNAVAILABLE,Mean shown as NA in 2018.
9,Pharmaceuticals,"Pharmaceutical expenditure by financing type, % of total spending",f9_fin_pub,Public spending,% of retail pharma spending,Government/compulsory schemes share of retail pharma spending,OECD Health at a Glance 2015,2011 or closest,OECD SHA HC.5.1 by financing scheme (HF.1),oecd,DIRECTLY UPDATED,
9,Pharmaceuticals,"Pharmaceutical expenditure by financing type, % of total spending",f9_fin_vhi,Private insurance,% of retail pharma spending,Voluntary health insurance share,OECD Health at a Glance 2015,2011 or closest,OECD SHA HC.5.1 by financing scheme (HF.2.1),oecd,DIRECTLY UPDATED,
9,Pharmaceuticals,"Pharmaceutical expenditure by financing type, % of total spending",f9_fin_oop,Private out-of-pocket spending,% of retail pharma spending,Household out-of-pocket share,OECD Health at a Glance 2015,2011 or closest,OECD SHA HC.5.1 by financing scheme (HF.3),oecd,DIRECTLY UPDATED,
9,Pharmaceuticals,"Share of generics, % of total",f9_gen_vol,Volume,% of pharma market volume,Generics share of volume,OECD HaaG (p187); Japan: Cabinet Office,2013 or closest,"OECD Data Explorer, Pharmaceutical market (generics share)",oecd,DIRECTLY UPDATED,
9,Pharmaceuticals,"Share of generics, % of total",f9_gen_val,Value,% of pharma market value,Generics share of value,OECD HaaG (p187); Japan: Cabinet Office,2013 or closest,OECD pharmaceutical market (generics share),oecd,DIRECTLY UPDATED,
9,Pharmaceuticals,,f9_abx,"Antibiotic prescribing, defined daily doses per 1000 population",DDD per 1000 population per day,"Antibacterials for systemic use (ATC J01), DDD/1000/day",OECD Health at a Glance 2017; US 2004,2015 or closest,"OECD Data Explorer, Pharmaceutical consumption (J01)",oecd,DIRECTLY UPDATED,
10,Access and Quality,"Access, %",f10_sameday,Able to get same- or next- day appointment,% of adults,Able to get same/next-day appointment when sick (excl. those who did not need care),Commonwealth Fund IHP Survey 2016,2016,Commonwealth Fund International Health Policy Survey (latest general-population wave),commonwealth,DIRECTLY UPDATED,
10,Access and Quality,"Access, %",f10_wait,2-mo Wait time to see specialist,% of adults,Waited ≥2 months for specialist appointment,Commonwealth Fund IHP Survey 2016,2016,Commonwealth Fund IHP Survey (latest general-population wave),commonwealth,DIRECTLY UPDATED,
10,Access and Quality,"Access, %",f10_time,Adequate time with regular (primary) physician,% of patients,Patients reporting enough time with regular doctor,OECD.stat Health Care Quality Indicators (patient experience),2016 or closest,"OECD Data Explorer, Health care quality: patient experiences",oecd,DIRECTLY UPDATED,
10,Access and Quality,"Perceptions, %",f10_works,System works well,% of adults,"Health system works well, only minor changes needed",Commonwealth Fund IHP Survey 2016,2016,Commonwealth Fund IHP Survey (latest wave with this item),commonwealth,DIRECTLY UPDATED,
10,Access and Quality,"Perceptions, %",f10_fund,Fundamental changes needed,% of adults,Some good things but fundamental changes needed,Commonwealth Fund IHP Survey 2016,2016,Commonwealth Fund IHP Survey,commonwealth,DIRECTLY UPDATED,
10,Access and Quality,"Perceptions, %",f10_rebuild,Complete rebuild of health system needed,% of adults,"So much wrong, needs complete rebuilding",Commonwealth Fund IHP Survey 2016,2016,Commonwealth Fund IHP Survey,commonwealth,DIRECTLY UPDATED,
10,Access and Quality,Prevention,f10_measles,"Measles immunization, % of children",% of children,Children immunised against measles by age 1-2,OECD.stat,2015 or closest,"OECD Data Explorer, Health care quality (childhood vaccination)",oecd,DIRECTLY UPDATED,
10,Access and Quality,Prevention,f10_mammo,"Breast cancer screening, % of women aged 50-69 y",% of women 50-69,Mammography screening within past 2 years (survey or programme),OECD.stat; Sweden 40-49 y study,2013 or closest,"OECD Data Explorer, Health care quality (mammography screening)",oecd,DIRECTLY UPDATED,Footnote b: Sweden women 40-49 in 2018 (non-OECD source); modern update uses OECD 50-69 for Sweden if available.
10,Access and Quality,Clinical outcomes,f10_stroke,30-d Stroke mortality per 100 patients,per 100 admissions (age-sex standardised),"30-day mortality after admission for ischaemic stroke, age 45+",OECD HCQI,2014 or closest,"OECD Data Explorer, Health care quality: acute care (ischaemic stroke 30-day mortality)",oecd,DIRECTLY UPDATED,eTable 14 describes linked definition but 'unlinked' text; validation to pick the variant matching 2018 values.
10,Access and Quality,Clinical outcomes,f10_ami,30-d Mortality per 1000 patients with acute myocardial infarction,per 100 admissions (age-sex standardised),"30-day in-hospital mortality after admission for AMI, age 45+, unlinked data",OECD HCQI,2013 or closest,"OECD health care quality: acute care (AMI 30-day mortality, unlinked)",oecd,DIRECTLY UPDATED,Label in 2018 figure says 'per 1000' but values are per 100 (eTable 14). Label kept; error noted.
10,Access and Quality,Clinical outcomes,f10_fb,Foreign body left per 100 000 discharges,per 100 000 discharges,Foreign body left in during procedure,OECD HCQI patient safety,2013 or closest,OECD health care quality: patient safety,oecd,DIRECTLY UPDATED,
10,Access and Quality,Clinical outcomes,f10_obs,Obstetric trauma without instrument per 100 deliveries,per 100 vaginal deliveries,"3rd/4th degree obstetric trauma, vaginal delivery without instrument",OECD HCQI patient safety,2013 or closest,OECD health care quality: patient safety,oecd,DIRECTLY UPDATED,
10,Access and Quality,Avoidable hospitalizations,f10_diab,Diabetes hospitalizations per 100 000 population,per 100 000 population 15+ (age-sex standardised),"Diabetes hospital admissions, adults 15+",OECD Health at a Glance 2015,2013 or closest,OECD health care quality: primary care (diabetes admissions),oecd,DIRECTLY UPDATED,
10,Access and Quality,Avoidable hospitalizations,f10_diab_ratio,Diabetes hospitalizations as a ratio of population with diabetes,admissions per 100 people with diabetes (as printed),Diabetes admissions / population with diabetes (×100 as printed),Computed; prevalence source not documented in 2018,2013,Computed from OECD admissions and IDF Diabetes Atlas prevalence (prevalence source undocumented in 2018),worldbank_who,NOT COMPARABLE,eTable 6 gives ratios as fractions (0.02); figure prints ×100. 2018 does not cite the prevalence source.
10,Access and Quality,Avoidable hospitalizations,f10_asthma,Asthma hospitalizations per 100 000 population,per 100 000 population 15+ (age-sex standardised),"Asthma hospital admissions, adults 15+",OECD Health at a Glance 2015,2013 or closest,OECD health care quality: primary care (asthma admissions),oecd,DIRECTLY UPDATED,
10,Access and Quality,Avoidable hospitalizations,f10_asthma_ratio,Asthma hospitalizations as a ratio of population with asthma,admissions per 100 people with asthma (as printed),Asthma admissions / population with asthma (×100 as printed),Computed; prevalence source not documented in 2018,2013,Computed from OECD admissions and a prevalence source (undocumented in 2018),worldbank_who,NOT COMPARABLE,
11,Distribution and Equity,Equity,f11_hi,"Horizontal inequity index, %",index ×100,"Horizontal inequity index, probability of doctor visit in past 12 months by income",OECD Health at a Glance 2013,2009,No recurring OECD series; OECD agent to check later HaaG/working papers,oecd,UNAVAILABLE,eTable 7 prints fractions (0.06); figure prints ×100.
11,Distribution and Equity,Out-of-pocket spending,f11_oop_the,As % of total health expenditure,% of health expenditure,"Out-of-pocket expenditure, % of total health expenditure",World Bank SH.XPD.OOPC.TO.ZS,2014 or closest,WHO GHED via World Bank SH.XPD.OOPC.CH.ZS (% of current health expenditure),worldbank_who,CLOSE MODERN EQUIVALENT,Denominator changed from total to current health expenditure.
11,Distribution and Equity,Out-of-pocket spending,f11_oop_hh,As % of household consumption,% of household final consumption,OOP medical spending (excl. LTC) as share of household final consumption,OECD Health at a Glance 2015,2013 or closest,OECD Health at a Glance 2025 / SHA (OOP excl. LTC % household consumption),oecd,DIRECTLY UPDATED,
11,Distribution and Equity,Unmet need,f11_skip,Consultation skipped because of cost,% of adults with a medical problem,Consultation skipped due to cost,OECD.stat (from CMWF/EHIS),2016 or closest,"OECD Data Explorer, Health care quality: patient experiences (consultation skipped due to cost)",oecd,DIRECTLY UPDATED,
11,Distribution and Equity,Unmet need,f11_unmet_low,"% Unmet need, below-average income",% of adults,"Any cost-related access problem, below-average income",Commonwealth Fund IHP Survey 2016,2016,Commonwealth Fund IHP Survey (latest general-population wave),commonwealth,DIRECTLY UPDATED,
11,Distribution and Equity,Unmet need,f11_unmet_high,"% Unmet need, above-average income",% of adults,"Any cost-related access problem, above-average income",Commonwealth Fund IHP Survey 2016,2016,Commonwealth Fund IHP Survey,commonwealth,DIRECTLY UPDATED,
11,Distribution and Equity,Geographic breakdown,f11_rural,"Rural population, % of total population",% of population,Rural population share,OECD Country Statistical Profiles,2015-2016,OECD Country Statistical Profiles discontinued; World Bank WDI SP.RUR.TOTL.ZS (UN WUP-based),worldbank_who,CLOSE MODERN EQUIVALENT,
11,Distribution and Equity,Geographic breakdown,f11_density,Population density per sq mile,persons per km² (label says sq mile),Population density,OECD Country Statistical Profiles,2015-2016,World Bank WDI EN.POP.DNST (persons per km² of land area),worldbank_who,CLOSE MODERN EQUIVALENT,2018 label says 'per sq mile' but values are per km². Modern figure keeps per km² and corrects the label.
11,Distribution and Equity,Geographic breakdown,f11_phys_urban,Urban physicians per 1000 population,per 1000 population,Physician density in urban areas,Mixed country studies (eTable 15),various,"OECD Health at a Glance (physician density, predominantly urban vs rural TL2 regions)",country,CLOSE MODERN EQUIVALENT,
11,Distribution and Equity,Geographic breakdown,f11_phys_rural,Rural physicians per 1000 population,per 1000 population,Physician density in rural areas,Mixed country studies (eTable 15),various,"OECD Health at a Glance (physician density, predominantly rural regions)",country,CLOSE MODERN EQUIVALENT,
